,dataset,cleaned,round,model,testAccuracy
0,AIDS,yes,0,DK,0.9414414414414415
1,AIDS,yes,0,uGCN,0.8648648648648649
2,AIDS,yes,0,Mix,0.8828828828828829
3,AIDS,yes,0,GCN-A,0.8171171171171171
4,AIDS,yes,0,GCN-B,0.8558558558558559
5,AIDS,yes,1,DK,0.972972972972973
6,AIDS,yes,1,uGCN,0.9009009009009009
7,AIDS,yes,1,Mix,0.9414414414414415
8,AIDS,yes,1,GCN-A,0.8054054054054054
9,AIDS,yes,1,GCN-B,0.8468468468468469
10,AIDS,yes,2,DK,0.972972972972973
11,AIDS,yes,2,uGCN,0.9234234234234234
12,AIDS,yes,2,Mix,0.9324324324324325
13,AIDS,yes,2,GCN-A,0.8072072072072072
14,AIDS,yes,2,GCN-B,0.8423423423423423
15,AIDS,yes,3,DK,0.963963963963964
16,AIDS,yes,3,uGCN,0.8648648648648649
17,AIDS,yes,3,Mix,0.8963963963963963
18,AIDS,yes,3,GCN-A,0.804954954954955
19,AIDS,yes,3,GCN-B,0.8378378378378378
20,AIDS,yes,4,DK,0.9594594594594594
21,AIDS,yes,4,uGCN,0.9009009009009009
22,AIDS,yes,4,Mix,0.9324324324324325
23,AIDS,yes,4,GCN-A,0.8202702702702702
24,AIDS,yes,4,GCN-B,0.8513513513513513
25,AIDS,yes,5,DK,0.954954954954955
26,AIDS,yes,5,uGCN,0.8828828828828829
27,AIDS,yes,5,Mix,0.918918918918919
28,AIDS,yes,5,GCN-A,0.8004504504504505
29,AIDS,yes,5,GCN-B,0.8378378378378378
30,AIDS,yes,6,DK,0.9504504504504504
31,AIDS,yes,6,uGCN,0.8918918918918919
32,AIDS,yes,6,Mix,0.918918918918919
33,AIDS,yes,6,GCN-A,0.813963963963964
34,AIDS,yes,6,GCN-B,0.8468468468468469
35,AIDS,yes,7,DK,0.963963963963964
36,AIDS,yes,7,uGCN,0.9009009009009009
37,AIDS,yes,7,Mix,0.9369369369369369
38,AIDS,yes,7,GCN-A,0.8243243243243242
39,AIDS,yes,7,GCN-B,0.8468468468468469
40,AIDS,yes,8,DK,0.972972972972973
41,AIDS,yes,8,uGCN,0.9369369369369369
42,AIDS,yes,8,Mix,0.9414414414414415
43,AIDS,yes,8,GCN-A,0.8076576576576576
44,AIDS,yes,8,GCN-B,0.8378378378378378
45,AIDS,yes,9,DK,0.9414414414414415
46,AIDS,yes,9,uGCN,0.8468468468468469
47,AIDS,yes,9,Mix,0.9234234234234234
48,AIDS,yes,9,GCN-A,0.8306306306306306
49,AIDS,yes,9,GCN-B,0.8513513513513513
50,AIDS,yes,10,DK,0.9684684684684685
51,AIDS,yes,10,uGCN,0.8918918918918919
52,AIDS,yes,10,Mix,0.9369369369369369
53,AIDS,yes,10,GCN-A,0.8495495495495495
54,AIDS,yes,10,GCN-B,0.8738738738738738
55,AIDS,yes,11,DK,0.9324324324324325
56,AIDS,yes,11,uGCN,0.8963963963963963
57,AIDS,yes,11,Mix,0.918918918918919
58,AIDS,yes,11,GCN-A,0.8121621621621623
59,AIDS,yes,11,GCN-B,0.8378378378378378
60,AIDS,no,0,DK,0.98
61,AIDS,no,0,uGCN,0.94
62,AIDS,no,0,Mix,0.94
63,AIDS,no,0,GCN-A,0.88025
64,AIDS,no,0,GCN-B,0.9
65,AIDS,no,1,DK,0.98
66,AIDS,no,1,uGCN,0.9275
67,AIDS,no,1,Mix,0.9425
68,AIDS,no,1,GCN-A,0.87225
69,AIDS,no,1,GCN-B,0.8875
70,AIDS,no,2,DK,0.9775
71,AIDS,no,2,uGCN,0.95
72,AIDS,no,2,Mix,0.9675
73,AIDS,no,2,GCN-A,0.8797499999999999
74,AIDS,no,2,GCN-B,0.905
75,AIDS,no,3,DK,0.9725
76,AIDS,no,3,uGCN,0.9425
77,AIDS,no,3,Mix,0.9625
78,AIDS,no,3,GCN-A,0.9075000000000001
79,AIDS,no,3,GCN-B,0.92
80,AIDS,no,4,DK,0.9775
81,AIDS,no,4,uGCN,0.9325
82,AIDS,no,4,Mix,0.9475
83,AIDS,no,4,GCN-A,0.8792499999999999
84,AIDS,no,4,GCN-B,0.905
85,AIDS,no,5,DK,0.9675
86,AIDS,no,5,uGCN,0.925
87,AIDS,no,5,Mix,0.9575
88,AIDS,no,5,GCN-A,0.8815
89,AIDS,no,5,GCN-B,0.9
90,AIDS,no,6,DK,0.975
91,AIDS,no,6,uGCN,0.925
92,AIDS,no,6,Mix,0.965
93,AIDS,no,6,GCN-A,0.8807499999999999
94,AIDS,no,6,GCN-B,0.9025
95,AIDS,no,7,DK,0.9825
96,AIDS,no,7,uGCN,0.9125
97,AIDS,no,7,Mix,0.94
98,AIDS,no,7,GCN-A,0.87625
99,AIDS,no,7,GCN-B,0.905
100,AIDS,no,8,DK,0.975
101,AIDS,no,8,uGCN,0.9325
102,AIDS,no,8,Mix,0.9575
103,AIDS,no,8,GCN-A,0.881
104,AIDS,no,8,GCN-B,0.9
105,AIDS,no,9,DK,0.9775
106,AIDS,no,9,uGCN,0.92
107,AIDS,no,9,Mix,0.945
108,AIDS,no,9,GCN-A,0.8782499999999999
109,AIDS,no,9,GCN-B,0.8975
110,AIDS,no,10,DK,0.9775
111,AIDS,no,10,uGCN,0.925
112,AIDS,no,10,Mix,0.9475
113,AIDS,no,10,GCN-A,0.8564999999999999
114,AIDS,no,10,GCN-B,0.89
115,AIDS,no,11,DK,0.9875
116,AIDS,no,11,uGCN,0.93
117,AIDS,no,11,Mix,0.9475
118,AIDS,no,11,GCN-A,0.8975000000000002
119,AIDS,no,11,GCN-B,0.9275
120,BZR,yes,0,DK,0.7321428571428571
121,BZR,yes,0,uGCN,0.7321428571428571
122,BZR,yes,0,Mix,0.7321428571428571
123,BZR,yes,0,GCN-A,0.8125
124,BZR,yes,0,GCN-B,0.8928571428571429
125,BZR,yes,1,DK,0.7142857142857143
126,BZR,yes,1,uGCN,0.6785714285714286
127,BZR,yes,1,Mix,0.75
128,BZR,yes,1,GCN-A,0.7839285714285714
129,BZR,yes,1,GCN-B,0.8214285714285714
130,BZR,yes,2,DK,0.6785714285714286
131,BZR,yes,2,uGCN,0.7857142857142857
132,BZR,yes,2,Mix,0.8214285714285714
133,BZR,yes,2,GCN-A,0.7928571428571428
134,BZR,yes,2,GCN-B,0.8571428571428571
135,BZR,yes,3,DK,0.7857142857142857
136,BZR,yes,3,uGCN,0.8214285714285714
137,BZR,yes,3,Mix,0.8035714285714286
138,BZR,yes,3,GCN-A,0.8392857142857142
139,BZR,yes,3,GCN-B,0.8571428571428571
140,BZR,yes,4,DK,0.7678571428571429
141,BZR,yes,4,uGCN,0.7857142857142857
142,BZR,yes,4,Mix,0.7678571428571429
143,BZR,yes,4,GCN-A,0.8017857142857142
144,BZR,yes,4,GCN-B,0.875
145,BZR,yes,5,DK,0.7678571428571429
146,BZR,yes,5,uGCN,0.8392857142857143
147,BZR,yes,5,Mix,0.8035714285714286
148,BZR,yes,5,GCN-A,0.825
149,BZR,yes,5,GCN-B,0.9285714285714286
150,BZR,yes,6,DK,0.75
151,BZR,yes,6,uGCN,0.8035714285714286
152,BZR,yes,6,Mix,0.75
153,BZR,yes,6,GCN-A,0.8232142857142858
154,BZR,yes,6,GCN-B,0.8571428571428571
155,BZR,yes,7,DK,0.7678571428571429
156,BZR,yes,7,uGCN,0.8035714285714286
157,BZR,yes,7,Mix,0.7678571428571429
158,BZR,yes,7,GCN-A,0.8035714285714286
159,BZR,yes,7,GCN-B,0.8928571428571429
160,BZR,yes,8,DK,0.7321428571428571
161,BZR,yes,8,uGCN,0.8035714285714286
162,BZR,yes,8,Mix,0.8035714285714286
163,BZR,yes,8,GCN-A,0.8107142857142857
164,BZR,yes,8,GCN-B,0.875
165,BZR,yes,9,DK,0.7142857142857143
166,BZR,yes,9,uGCN,0.75
167,BZR,yes,9,Mix,0.7142857142857143
168,BZR,yes,9,GCN-A,0.8160714285714284
169,BZR,yes,9,GCN-B,0.8392857142857143
170,BZR,yes,10,DK,0.8035714285714286
171,BZR,yes,10,uGCN,0.8214285714285714
172,BZR,yes,10,Mix,0.8214285714285714
173,BZR,yes,10,GCN-A,0.8321428571428571
174,BZR,yes,10,GCN-B,0.9107142857142857
175,BZR,yes,11,DK,0.6964285714285714
176,BZR,yes,11,uGCN,0.8035714285714286
177,BZR,yes,11,Mix,0.7678571428571429
178,BZR,yes,11,GCN-A,0.7839285714285714
179,BZR,yes,11,GCN-B,0.875
180,BZR,no,0,DK,0.8641975308641975
181,BZR,no,0,uGCN,0.8395061728395061
182,BZR,no,0,Mix,0.8641975308641975
183,BZR,no,0,GCN-A,0.8382716049382717
184,BZR,no,0,GCN-B,0.9259259259259259
185,BZR,no,1,DK,0.7654320987654321
186,BZR,no,1,uGCN,0.7654320987654321
187,BZR,no,1,Mix,0.8024691358024691
188,BZR,no,1,GCN-A,0.8753086419753087
189,BZR,no,1,GCN-B,0.9012345679012346
190,BZR,no,2,DK,0.8271604938271605
191,BZR,no,2,uGCN,0.8395061728395061
192,BZR,no,2,Mix,0.8518518518518519
193,BZR,no,2,GCN-A,0.8765432098765432
194,BZR,no,2,GCN-B,0.9012345679012346
195,BZR,no,3,DK,0.8395061728395061
196,BZR,no,3,uGCN,0.8024691358024691
197,BZR,no,3,Mix,0.7777777777777778
198,BZR,no,3,GCN-A,0.828395061728395
199,BZR,no,3,GCN-B,0.8765432098765432
200,BZR,no,4,DK,0.7654320987654321
201,BZR,no,4,uGCN,0.7777777777777778
202,BZR,no,4,Mix,0.8024691358024691
203,BZR,no,4,GCN-A,0.8160493827160493
204,BZR,no,4,GCN-B,0.8641975308641975
205,BZR,no,5,DK,0.8024691358024691
206,BZR,no,5,uGCN,0.8271604938271605
207,BZR,no,5,Mix,0.8395061728395061
208,BZR,no,5,GCN-A,0.8197530864197532
209,BZR,no,5,GCN-B,0.8641975308641975
210,BZR,no,6,DK,0.7901234567901234
211,BZR,no,6,uGCN,0.7654320987654321
212,BZR,no,6,Mix,0.8148148148148148
213,BZR,no,6,GCN-A,0.8123456790123456
214,BZR,no,6,GCN-B,0.8641975308641975
215,BZR,no,7,DK,0.8271604938271605
216,BZR,no,7,uGCN,0.8148148148148148
217,BZR,no,7,Mix,0.8148148148148148
218,BZR,no,7,GCN-A,0.8209876543209876
219,BZR,no,7,GCN-B,0.8641975308641975
220,BZR,no,8,DK,0.7901234567901234
221,BZR,no,8,uGCN,0.8395061728395061
222,BZR,no,8,Mix,0.8641975308641975
223,BZR,no,8,GCN-A,0.7901234567901234
224,BZR,no,8,GCN-B,0.8271604938271605
225,BZR,no,9,DK,0.8395061728395061
226,BZR,no,9,uGCN,0.8641975308641975
227,BZR,no,9,Mix,0.8765432098765432
228,BZR,no,9,GCN-A,0.8506172839506172
229,BZR,no,9,GCN-B,0.9135802469135802
230,BZR,no,10,DK,0.7777777777777778
231,BZR,no,10,uGCN,0.8271604938271605
232,BZR,no,10,Mix,0.8148148148148148
233,BZR,no,10,GCN-A,0.7962962962962963
234,BZR,no,10,GCN-B,0.8395061728395061
235,BZR,no,11,DK,0.9012345679012346
236,BZR,no,11,uGCN,0.8888888888888888
237,BZR,no,11,Mix,0.8765432098765432
238,BZR,no,11,GCN-A,0.8320987654320987
239,BZR,no,11,GCN-B,0.8765432098765432
240,COX2,yes,0,DK,0.5416666666666666
241,COX2,yes,0,uGCN,0.7291666666666666
242,COX2,yes,0,Mix,0.7291666666666666
243,COX2,yes,0,GCN-A,0.7812499999999999
244,COX2,yes,0,GCN-B,0.8333333333333334
245,COX2,yes,1,DK,0.5208333333333334
246,COX2,yes,1,uGCN,0.7291666666666666
247,COX2,yes,1,Mix,0.6875
248,COX2,yes,1,GCN-A,0.7104166666666667
249,COX2,yes,1,GCN-B,0.7916666666666666
250,COX2,yes,2,DK,0.6458333333333334
251,COX2,yes,2,uGCN,0.75
252,COX2,yes,2,Mix,0.7083333333333334
253,COX2,yes,2,GCN-A,0.76875
254,COX2,yes,2,GCN-B,0.8125
255,COX2,yes,3,DK,0.5625
256,COX2,yes,3,uGCN,0.7083333333333334
257,COX2,yes,3,Mix,0.7291666666666666
258,COX2,yes,3,GCN-A,0.7208333333333333
259,COX2,yes,3,GCN-B,0.7708333333333334
260,COX2,yes,4,DK,0.5833333333333334
261,COX2,yes,4,uGCN,0.75
262,COX2,yes,4,Mix,0.7083333333333334
263,COX2,yes,4,GCN-A,0.6812500000000001
264,COX2,yes,4,GCN-B,0.7708333333333334
265,COX2,yes,5,DK,0.625
266,COX2,yes,5,uGCN,0.6666666666666666
267,COX2,yes,5,Mix,0.75
268,COX2,yes,5,GCN-A,0.775
269,COX2,yes,5,GCN-B,0.8125
270,COX2,yes,6,DK,0.6458333333333334
271,COX2,yes,6,uGCN,0.7916666666666666
272,COX2,yes,6,Mix,0.7916666666666666
273,COX2,yes,6,GCN-A,0.7416666666666666
274,COX2,yes,6,GCN-B,0.875
275,COX2,yes,7,DK,0.6041666666666666
276,COX2,yes,7,uGCN,0.6458333333333334
277,COX2,yes,7,Mix,0.6041666666666666
278,COX2,yes,7,GCN-A,0.73125
279,COX2,yes,7,GCN-B,0.7916666666666666
280,COX2,yes,8,DK,0.5625
281,COX2,yes,8,uGCN,0.7083333333333334
282,COX2,yes,8,Mix,0.6875
283,COX2,yes,8,GCN-A,0.7604166666666666
284,COX2,yes,8,GCN-B,0.8333333333333334
285,COX2,yes,9,DK,0.6041666666666666
286,COX2,yes,9,uGCN,0.75
287,COX2,yes,9,Mix,0.7708333333333334
288,COX2,yes,9,GCN-A,0.8104166666666668
289,COX2,yes,9,GCN-B,0.8333333333333334
290,COX2,yes,10,DK,0.5
291,COX2,yes,10,uGCN,0.6458333333333334
292,COX2,yes,10,Mix,0.625
293,COX2,yes,10,GCN-A,0.7333333333333333
294,COX2,yes,10,GCN-B,0.7708333333333334
295,COX2,yes,11,DK,0.5833333333333334
296,COX2,yes,11,uGCN,0.6875
297,COX2,yes,11,Mix,0.6666666666666666
298,COX2,yes,11,GCN-A,0.7791666666666666
299,COX2,yes,11,GCN-B,0.8333333333333334
300,COX2,no,0,DK,0.7659574468085106
301,COX2,no,0,uGCN,0.7978723404255319
302,COX2,no,0,Mix,0.8085106382978723
303,COX2,no,0,GCN-A,0.8074468085106382
304,COX2,no,0,GCN-B,0.8617021276595744
305,COX2,no,1,DK,0.7446808510638298
306,COX2,no,1,uGCN,0.776595744680851
307,COX2,no,1,Mix,0.776595744680851
308,COX2,no,1,GCN-A,0.8404255319148938
309,COX2,no,1,GCN-B,0.851063829787234
310,COX2,no,2,DK,0.7021276595744681
311,COX2,no,2,uGCN,0.8404255319148937
312,COX2,no,2,Mix,0.8191489361702128
313,COX2,no,2,GCN-A,0.8563829787234043
314,COX2,no,2,GCN-B,0.8723404255319149
315,COX2,no,3,DK,0.7659574468085106
316,COX2,no,3,uGCN,0.7446808510638298
317,COX2,no,3,Mix,0.7446808510638298
318,COX2,no,3,GCN-A,0.8148936170212766
319,COX2,no,3,GCN-B,0.8297872340425532
320,COX2,no,4,DK,0.7553191489361702
321,COX2,no,4,uGCN,0.723404255319149
322,COX2,no,4,Mix,0.723404255319149
323,COX2,no,4,GCN-A,0.7776595744680851
324,COX2,no,4,GCN-B,0.8191489361702128
325,COX2,no,5,DK,0.7446808510638298
326,COX2,no,5,uGCN,0.7872340425531915
327,COX2,no,5,Mix,0.8191489361702128
328,COX2,no,5,GCN-A,0.8212765957446809
329,COX2,no,5,GCN-B,0.8404255319148937
330,COX2,no,6,DK,0.7978723404255319
331,COX2,no,6,uGCN,0.7872340425531915
332,COX2,no,6,Mix,0.7978723404255319
333,COX2,no,6,GCN-A,0.8808510638297873
334,COX2,no,6,GCN-B,0.9042553191489362
335,COX2,no,7,DK,0.7446808510638298
336,COX2,no,7,uGCN,0.8617021276595744
337,COX2,no,7,Mix,0.851063829787234
338,COX2,no,7,GCN-A,0.85
339,COX2,no,7,GCN-B,0.8723404255319149
340,COX2,no,8,DK,0.723404255319149
341,COX2,no,8,uGCN,0.7978723404255319
342,COX2,no,8,Mix,0.7872340425531915
343,COX2,no,8,GCN-A,0.8308510638297871
344,COX2,no,8,GCN-B,0.851063829787234
345,COX2,no,9,DK,0.723404255319149
346,COX2,no,9,uGCN,0.7340425531914894
347,COX2,no,9,Mix,0.7340425531914894
348,COX2,no,9,GCN-A,0.8106382978723404
349,COX2,no,9,GCN-B,0.8404255319148937
350,COX2,no,10,DK,0.648936170212766
351,COX2,no,10,uGCN,0.6808510638297872
352,COX2,no,10,Mix,0.6808510638297872
353,COX2,no,10,GCN-A,0.7127659574468086
354,COX2,no,10,GCN-B,0.7553191489361702
355,COX2,no,11,DK,0.7659574468085106
356,COX2,no,11,uGCN,0.7659574468085106
357,COX2,no,11,Mix,0.7553191489361702
358,COX2,no,11,GCN-A,0.8138297872340425
359,COX2,no,11,GCN-B,0.851063829787234
360,DHFR,yes,0,DK,0.6637931034482759
361,DHFR,yes,0,uGCN,0.7068965517241379
362,DHFR,yes,0,Mix,0.7068965517241379
363,DHFR,yes,0,GCN-A,0.7112068965517242
364,DHFR,yes,0,GCN-B,0.75
365,DHFR,yes,1,DK,0.6810344827586207
366,DHFR,yes,1,uGCN,0.7413793103448276
367,DHFR,yes,1,Mix,0.7758620689655172
368,DHFR,yes,1,GCN-A,0.6922413793103448
369,DHFR,yes,1,GCN-B,0.7155172413793104
370,DHFR,yes,2,DK,0.6637931034482759
371,DHFR,yes,2,uGCN,0.7672413793103449
372,DHFR,yes,2,Mix,0.7758620689655172
373,DHFR,yes,2,GCN-A,0.6905172413793105
374,DHFR,yes,2,GCN-B,0.7413793103448276
375,DHFR,yes,3,DK,0.6724137931034483
376,DHFR,yes,3,uGCN,0.6896551724137931
377,DHFR,yes,3,Mix,0.6637931034482759
378,DHFR,yes,3,GCN-A,0.7336206896551725
379,DHFR,yes,3,GCN-B,0.8017241379310345
380,DHFR,yes,4,DK,0.6293103448275862
381,DHFR,yes,4,uGCN,0.7241379310344828
382,DHFR,yes,4,Mix,0.7327586206896551
383,DHFR,yes,4,GCN-A,0.7637931034482758
384,DHFR,yes,4,GCN-B,0.7931034482758621
385,DHFR,yes,5,DK,0.6810344827586207
386,DHFR,yes,5,uGCN,0.7068965517241379
387,DHFR,yes,5,Mix,0.6982758620689655
388,DHFR,yes,5,GCN-A,0.7068965517241379
389,DHFR,yes,5,GCN-B,0.7413793103448276
390,DHFR,yes,6,DK,0.646551724137931
391,DHFR,yes,6,uGCN,0.6896551724137931
392,DHFR,yes,6,Mix,0.7068965517241379
393,DHFR,yes,6,GCN-A,0.7336206896551725
394,DHFR,yes,6,GCN-B,0.8017241379310345
395,DHFR,yes,7,DK,0.6637931034482759
396,DHFR,yes,7,uGCN,0.6379310344827587
397,DHFR,yes,7,Mix,0.6637931034482759
398,DHFR,yes,7,GCN-A,0.6517241379310346
399,DHFR,yes,7,GCN-B,0.6982758620689655
400,DHFR,yes,8,DK,0.6637931034482759
401,DHFR,yes,8,uGCN,0.7327586206896551
402,DHFR,yes,8,Mix,0.7758620689655172
403,DHFR,yes,8,GCN-A,0.7017241379310345
404,DHFR,yes,8,GCN-B,0.7758620689655172
405,DHFR,yes,9,DK,0.6551724137931034
406,DHFR,yes,9,uGCN,0.7155172413793104
407,DHFR,yes,9,Mix,0.7241379310344828
408,DHFR,yes,9,GCN-A,0.6715517241379312
409,DHFR,yes,9,GCN-B,0.7413793103448276
410,DHFR,yes,10,DK,0.6551724137931034
411,DHFR,yes,10,uGCN,0.6637931034482759
412,DHFR,yes,10,Mix,0.6724137931034483
413,DHFR,yes,10,GCN-A,0.7198275862068966
414,DHFR,yes,10,GCN-B,0.7672413793103449
415,DHFR,yes,11,DK,0.7068965517241379
416,DHFR,yes,11,uGCN,0.7068965517241379
417,DHFR,yes,11,Mix,0.6982758620689655
418,DHFR,yes,11,GCN-A,0.7637931034482759
419,DHFR,yes,11,GCN-B,0.8103448275862069
420,DHFR,no,0,DK,0.6907894736842105
421,DHFR,no,0,uGCN,0.7631578947368421
422,DHFR,no,0,Mix,0.7697368421052632
423,DHFR,no,0,GCN-A,0.7
424,DHFR,no,0,GCN-B,0.7368421052631579
425,DHFR,no,1,DK,0.7039473684210527
426,DHFR,no,1,uGCN,0.7368421052631579
427,DHFR,no,1,Mix,0.7697368421052632
428,DHFR,no,1,GCN-A,0.6980263157894736
429,DHFR,no,1,GCN-B,0.7302631578947368
430,DHFR,no,2,DK,0.7368421052631579
431,DHFR,no,2,uGCN,0.6973684210526315
432,DHFR,no,2,Mix,0.7039473684210527
433,DHFR,no,2,GCN-A,0.7151315789473685
434,DHFR,no,2,GCN-B,0.75
435,DHFR,no,3,DK,0.6644736842105263
436,DHFR,no,3,uGCN,0.743421052631579
437,DHFR,no,3,Mix,0.7631578947368421
438,DHFR,no,3,GCN-A,0.6539473684210526
439,DHFR,no,3,GCN-B,0.7039473684210527
440,DHFR,no,4,DK,0.6513157894736842
441,DHFR,no,4,uGCN,0.7631578947368421
442,DHFR,no,4,Mix,0.7828947368421053
443,DHFR,no,4,GCN-A,0.6486842105263158
444,DHFR,no,4,GCN-B,0.7236842105263158
445,DHFR,no,5,DK,0.756578947368421
446,DHFR,no,5,uGCN,0.756578947368421
447,DHFR,no,5,Mix,0.75
448,DHFR,no,5,GCN-A,0.7401315789473684
449,DHFR,no,5,GCN-B,0.7763157894736842
450,DHFR,no,6,DK,0.6578947368421053
451,DHFR,no,6,uGCN,0.7236842105263158
452,DHFR,no,6,Mix,0.7105263157894737
453,DHFR,no,6,GCN-A,0.7046052631578947
454,DHFR,no,6,GCN-B,0.756578947368421
455,DHFR,no,7,DK,0.7171052631578947
456,DHFR,no,7,uGCN,0.743421052631579
457,DHFR,no,7,Mix,0.743421052631579
458,DHFR,no,7,GCN-A,0.7592105263157896
459,DHFR,no,7,GCN-B,0.8092105263157895
460,DHFR,no,8,DK,0.7236842105263158
461,DHFR,no,8,uGCN,0.7368421052631579
462,DHFR,no,8,Mix,0.7105263157894737
463,DHFR,no,8,GCN-A,0.7309210526315788
464,DHFR,no,8,GCN-B,0.7697368421052632
465,DHFR,no,9,DK,0.6842105263157895
466,DHFR,no,9,uGCN,0.7302631578947368
467,DHFR,no,9,Mix,0.7302631578947368
468,DHFR,no,9,GCN-A,0.6782894736842107
469,DHFR,no,9,GCN-B,0.7302631578947368
470,DHFR,no,10,DK,0.743421052631579
471,DHFR,no,10,uGCN,0.8026315789473685
472,DHFR,no,10,Mix,0.8092105263157895
473,DHFR,no,10,GCN-A,0.7618421052631579
474,DHFR,no,10,GCN-B,0.7960526315789473
475,DHFR,no,11,DK,0.6842105263157895
476,DHFR,no,11,uGCN,0.743421052631579
477,DHFR,no,11,Mix,0.7368421052631579
478,DHFR,no,11,GCN-A,0.7
479,DHFR,no,11,GCN-B,0.7763157894736842
480,MUTAG,yes,0,DK,0.7407407407407407
481,MUTAG,yes,0,uGCN,0.8518518518518519
482,MUTAG,yes,0,Mix,0.8518518518518519
483,MUTAG,yes,0,GCN-A,0.7777777777777778
484,MUTAG,yes,0,GCN-B,0.8518518518518519
485,MUTAG,yes,1,DK,0.6666666666666666
486,MUTAG,yes,1,uGCN,0.8888888888888888
487,MUTAG,yes,1,Mix,0.7407407407407407
488,MUTAG,yes,1,GCN-A,0.6888888888888889
489,MUTAG,yes,1,GCN-B,0.7407407407407407
490,MUTAG,yes,2,DK,0.7407407407407407
491,MUTAG,yes,2,uGCN,0.8148148148148148
492,MUTAG,yes,2,Mix,0.8148148148148148
493,MUTAG,yes,2,GCN-A,0.7851851851851851
494,MUTAG,yes,2,GCN-B,0.8518518518518519
495,MUTAG,yes,3,DK,0.8148148148148148
496,MUTAG,yes,3,uGCN,0.8148148148148148
497,MUTAG,yes,3,Mix,0.8518518518518519
498,MUTAG,yes,3,GCN-A,0.7222222222222223
499,MUTAG,yes,3,GCN-B,0.8148148148148148
500,MUTAG,yes,4,DK,0.7777777777777778
501,MUTAG,yes,4,uGCN,0.8148148148148148
502,MUTAG,yes,4,Mix,0.8518518518518519
503,MUTAG,yes,4,GCN-A,0.7259259259259259
504,MUTAG,yes,4,GCN-B,0.7407407407407407
505,MUTAG,yes,5,DK,0.8518518518518519
506,MUTAG,yes,5,uGCN,0.8518518518518519
507,MUTAG,yes,5,Mix,0.8888888888888888
508,MUTAG,yes,5,GCN-A,0.8518518518518519
509,MUTAG,yes,5,GCN-B,0.9259259259259259
510,MUTAG,yes,6,DK,0.7777777777777778
511,MUTAG,yes,6,uGCN,0.7777777777777778
512,MUTAG,yes,6,Mix,0.8518518518518519
513,MUTAG,yes,6,GCN-A,0.7666666666666667
514,MUTAG,yes,6,GCN-B,0.8518518518518519
515,MUTAG,yes,7,DK,0.8518518518518519
516,MUTAG,yes,7,uGCN,0.8518518518518519
517,MUTAG,yes,7,Mix,0.8518518518518519
518,MUTAG,yes,7,GCN-A,0.937037037037037
519,MUTAG,yes,7,GCN-B,1.0
520,MUTAG,yes,8,DK,0.7777777777777778
521,MUTAG,yes,8,uGCN,0.7037037037037037
522,MUTAG,yes,8,Mix,0.7777777777777778
523,MUTAG,yes,8,GCN-A,0.7296296296296296
524,MUTAG,yes,8,GCN-B,0.8148148148148148
525,MUTAG,yes,9,DK,0.8888888888888888
526,MUTAG,yes,9,uGCN,0.8518518518518519
527,MUTAG,yes,9,Mix,0.8888888888888888
528,MUTAG,yes,9,GCN-A,0.8407407407407407
529,MUTAG,yes,9,GCN-B,0.8888888888888888
530,MUTAG,yes,10,DK,0.8518518518518519
531,MUTAG,yes,10,uGCN,0.8888888888888888
532,MUTAG,yes,10,Mix,0.9259259259259259
533,MUTAG,yes,10,GCN-A,0.8481481481481481
534,MUTAG,yes,10,GCN-B,0.8518518518518519
535,MUTAG,yes,11,DK,0.8888888888888888
536,MUTAG,yes,11,uGCN,0.8888888888888888
537,MUTAG,yes,11,Mix,0.9259259259259259
538,MUTAG,yes,11,GCN-A,0.762962962962963
539,MUTAG,yes,11,GCN-B,0.8518518518518519
540,MUTAG,no,0,DK,0.7631578947368421
541,MUTAG,no,0,uGCN,0.6842105263157895
542,MUTAG,no,0,Mix,0.7631578947368421
543,MUTAG,no,0,GCN-A,0.6973684210526316
544,MUTAG,no,0,GCN-B,0.7368421052631579
545,MUTAG,no,1,DK,0.8947368421052632
546,MUTAG,no,1,uGCN,0.7368421052631579
547,MUTAG,no,1,Mix,0.8157894736842105
548,MUTAG,no,1,GCN-A,0.7026315789473684
549,MUTAG,no,1,GCN-B,0.7368421052631579
550,MUTAG,no,2,DK,0.8421052631578947
551,MUTAG,no,2,uGCN,0.8421052631578947
552,MUTAG,no,2,Mix,0.868421052631579
553,MUTAG,no,2,GCN-A,0.7526315789473685
554,MUTAG,no,2,GCN-B,0.7894736842105263
555,MUTAG,no,3,DK,0.7894736842105263
556,MUTAG,no,3,uGCN,0.7894736842105263
557,MUTAG,no,3,Mix,0.8421052631578947
558,MUTAG,no,3,GCN-A,0.7921052631578948
559,MUTAG,no,3,GCN-B,0.8421052631578947
560,MUTAG,no,4,DK,0.7631578947368421
561,MUTAG,no,4,uGCN,0.7631578947368421
562,MUTAG,no,4,Mix,0.868421052631579
563,MUTAG,no,4,GCN-A,0.6842105263157895
564,MUTAG,no,4,GCN-B,0.7894736842105263
565,MUTAG,no,5,DK,0.8421052631578947
566,MUTAG,no,5,uGCN,0.868421052631579
567,MUTAG,no,5,Mix,0.8947368421052632
568,MUTAG,no,5,GCN-A,0.7263157894736842
569,MUTAG,no,5,GCN-B,0.7894736842105263
570,MUTAG,no,6,DK,0.868421052631579
571,MUTAG,no,6,uGCN,0.7894736842105263
572,MUTAG,no,6,Mix,0.8421052631578947
573,MUTAG,no,6,GCN-A,0.8105263157894738
574,MUTAG,no,6,GCN-B,0.868421052631579
575,MUTAG,no,7,DK,0.7631578947368421
576,MUTAG,no,7,uGCN,0.7105263157894737
577,MUTAG,no,7,Mix,0.868421052631579
578,MUTAG,no,7,GCN-A,0.7157894736842105
579,MUTAG,no,7,GCN-B,0.8157894736842105
580,MUTAG,no,8,DK,0.868421052631579
581,MUTAG,no,8,uGCN,0.8157894736842105
582,MUTAG,no,8,Mix,0.868421052631579
583,MUTAG,no,8,GCN-A,0.6815789473684211
584,MUTAG,no,8,GCN-B,0.7631578947368421
585,MUTAG,no,9,DK,0.7894736842105263
586,MUTAG,no,9,uGCN,0.7368421052631579
587,MUTAG,no,9,Mix,0.9210526315789473
588,MUTAG,no,9,GCN-A,0.8289473684210528
589,MUTAG,no,9,GCN-B,0.8421052631578947
590,MUTAG,no,10,DK,0.7631578947368421
591,MUTAG,no,10,uGCN,0.7894736842105263
592,MUTAG,no,10,Mix,0.8157894736842105
593,MUTAG,no,10,GCN-A,0.786842105263158
594,MUTAG,no,10,GCN-B,0.8421052631578947
595,MUTAG,no,11,DK,0.8421052631578947
596,MUTAG,no,11,uGCN,0.7631578947368421
597,MUTAG,no,11,Mix,0.8157894736842105
598,MUTAG,no,11,GCN-A,0.7289473684210526
599,MUTAG,no,11,GCN-B,0.7631578947368421
600,PROTEINS,yes,0,DK,0.6410256410256411
601,PROTEINS,yes,0,uGCN,0.7025641025641025
602,PROTEINS,yes,0,Mix,0.6820512820512821
603,PROTEINS,yes,0,GCN-A,0.7538461538461538
604,PROTEINS,yes,0,GCN-B,0.7794871794871795
605,PROTEINS,yes,1,DK,0.6615384615384615
606,PROTEINS,yes,1,uGCN,0.6974358974358974
607,PROTEINS,yes,1,Mix,0.7025641025641025
608,PROTEINS,yes,1,GCN-A,0.7235897435897437
609,PROTEINS,yes,1,GCN-B,0.7538461538461538
610,PROTEINS,yes,2,DK,0.6615384615384615
611,PROTEINS,yes,2,uGCN,0.676923076923077
612,PROTEINS,yes,2,Mix,0.7128205128205128
613,PROTEINS,yes,2,GCN-A,0.7615384615384615
614,PROTEINS,yes,2,GCN-B,0.7897435897435897
615,PROTEINS,yes,3,DK,0.6974358974358974
616,PROTEINS,yes,3,uGCN,0.7538461538461538
617,PROTEINS,yes,3,Mix,0.7487179487179487
618,PROTEINS,yes,3,GCN-A,0.7507692307692307
619,PROTEINS,yes,3,GCN-B,0.7794871794871795
620,PROTEINS,yes,4,DK,0.7025641025641025
621,PROTEINS,yes,4,uGCN,0.6974358974358974
622,PROTEINS,yes,4,Mix,0.6923076923076923
623,PROTEINS,yes,4,GCN-A,0.6825641025641026
624,PROTEINS,yes,4,GCN-B,0.7128205128205128
625,PROTEINS,yes,5,DK,0.7487179487179487
626,PROTEINS,yes,5,uGCN,0.6820512820512821
627,PROTEINS,yes,5,Mix,0.7128205128205128
628,PROTEINS,yes,5,GCN-A,0.7512820512820513
629,PROTEINS,yes,5,GCN-B,0.7743589743589744
630,PROTEINS,yes,6,DK,0.6410256410256411
631,PROTEINS,yes,6,uGCN,0.676923076923077
632,PROTEINS,yes,6,Mix,0.6615384615384615
633,PROTEINS,yes,6,GCN-A,0.7476923076923077
634,PROTEINS,yes,6,GCN-B,0.7692307692307693
635,PROTEINS,yes,7,DK,0.6923076923076923
636,PROTEINS,yes,7,uGCN,0.6512820512820513
637,PROTEINS,yes,7,Mix,0.7128205128205128
638,PROTEINS,yes,7,GCN-A,0.7323076923076923
639,PROTEINS,yes,7,GCN-B,0.7435897435897436
640,PROTEINS,yes,8,DK,0.6974358974358974
641,PROTEINS,yes,8,uGCN,0.6615384615384615
642,PROTEINS,yes,8,Mix,0.6871794871794872
643,PROTEINS,yes,8,GCN-A,0.6943589743589744
644,PROTEINS,yes,8,GCN-B,0.717948717948718
645,PROTEINS,yes,9,DK,0.676923076923077
646,PROTEINS,yes,9,uGCN,0.7076923076923077
647,PROTEINS,yes,9,Mix,0.717948717948718
648,PROTEINS,yes,9,GCN-A,0.736923076923077
649,PROTEINS,yes,9,GCN-B,0.7692307692307693
650,PROTEINS,yes,10,DK,0.6974358974358974
651,PROTEINS,yes,10,uGCN,0.7025641025641025
652,PROTEINS,yes,10,Mix,0.6974358974358974
653,PROTEINS,yes,10,GCN-A,0.7148717948717949
654,PROTEINS,yes,10,GCN-B,0.7435897435897436
655,PROTEINS,yes,11,DK,0.6923076923076923
656,PROTEINS,yes,11,uGCN,0.6820512820512821
657,PROTEINS,yes,11,Mix,0.6923076923076923
658,PROTEINS,yes,11,GCN-A,0.7092307692307692
659,PROTEINS,yes,11,GCN-B,0.7282051282051282
660,PROTEINS,no,0,DK,0.7399103139013453
661,PROTEINS,no,0,uGCN,0.7399103139013453
662,PROTEINS,no,0,Mix,0.7488789237668162
663,PROTEINS,no,0,GCN-A,0.7147982062780269
664,PROTEINS,no,0,GCN-B,0.757847533632287
665,PROTEINS,no,1,DK,0.672645739910314
666,PROTEINS,no,1,uGCN,0.6816143497757847
667,PROTEINS,no,1,Mix,0.6771300448430493
668,PROTEINS,no,1,GCN-A,0.6856502242152466
669,PROTEINS,no,1,GCN-B,0.7354260089686099
670,PROTEINS,no,2,DK,0.6636771300448431
671,PROTEINS,no,2,uGCN,0.6636771300448431
672,PROTEINS,no,2,Mix,0.6816143497757847
673,PROTEINS,no,2,GCN-A,0.6609865470852018
674,PROTEINS,no,2,GCN-B,0.7085201793721974
675,PROTEINS,no,3,DK,0.6681614349775785
676,PROTEINS,no,3,uGCN,0.7040358744394619
677,PROTEINS,no,3,Mix,0.6816143497757847
678,PROTEINS,no,3,GCN-A,0.7251121076233183
679,PROTEINS,no,3,GCN-B,0.7443946188340808
680,PROTEINS,no,4,DK,0.6816143497757847
681,PROTEINS,no,4,uGCN,0.6905829596412556
682,PROTEINS,no,4,Mix,0.6995515695067265
683,PROTEINS,no,4,GCN-A,0.6757847533632286
684,PROTEINS,no,4,GCN-B,0.726457399103139
685,PROTEINS,no,5,DK,0.6278026905829597
686,PROTEINS,no,5,uGCN,0.6816143497757847
687,PROTEINS,no,5,Mix,0.6816143497757847
688,PROTEINS,no,5,GCN-A,0.6896860986547086
689,PROTEINS,no,5,GCN-B,0.7488789237668162
690,PROTEINS,no,6,DK,0.6412556053811659
691,PROTEINS,no,6,uGCN,0.672645739910314
692,PROTEINS,no,6,Mix,0.6771300448430493
693,PROTEINS,no,6,GCN-A,0.720627802690583
694,PROTEINS,no,6,GCN-B,0.7623318385650224
695,PROTEINS,no,7,DK,0.6681614349775785
696,PROTEINS,no,7,uGCN,0.6771300448430493
697,PROTEINS,no,7,Mix,0.7085201793721974
698,PROTEINS,no,7,GCN-A,0.6825112107623318
699,PROTEINS,no,7,GCN-B,0.7219730941704036
700,PROTEINS,no,8,DK,0.6547085201793722
701,PROTEINS,no,8,uGCN,0.6502242152466368
702,PROTEINS,no,8,Mix,0.672645739910314
703,PROTEINS,no,8,GCN-A,0.684304932735426
704,PROTEINS,no,8,GCN-B,0.7174887892376681
705,PROTEINS,no,9,DK,0.672645739910314
706,PROTEINS,no,9,uGCN,0.6681614349775785
707,PROTEINS,no,9,Mix,0.6905829596412556
708,PROTEINS,no,9,GCN-A,0.6704035874439462
709,PROTEINS,no,9,GCN-B,0.6995515695067265
710,PROTEINS,no,10,DK,0.6905829596412556
711,PROTEINS,no,10,uGCN,0.6771300448430493
712,PROTEINS,no,10,Mix,0.7130044843049327
713,PROTEINS,no,10,GCN-A,0.7076233183856503
714,PROTEINS,no,10,GCN-B,0.7488789237668162
715,PROTEINS,no,11,DK,0.6367713004484304
716,PROTEINS,no,11,uGCN,0.7085201793721974
717,PROTEINS,no,11,Mix,0.7085201793721974
718,PROTEINS,no,11,GCN-A,0.6847533632286995
719,PROTEINS,no,11,GCN-B,0.7443946188340808
